{"params": [2, 2, 0.2, 15, 4, 0, 1], "bitstrings": ["0101", "0110", "1001", "1010"], "energy": -0.22844527661800385, "intermediate_data": [[{"5": 0.8, "6": 0.2}], [{"6": 0.4, "9": 0.2, "10": 0.4}], [{"5": 0.06666666666666667, "6": 0.2, "9": 0.2, "10": 0.5333333333333333}], [{"5": 0.13333333333333333, "6": 0.2, "9": 0.26666666666666666, "10": 0.4}], [{"6": 0.13333333333333333, "9": 0.13333333333333333, "10": 0.7333333333333333}], [{"5": 0.9333333333333333, "9": 0.06666666666666667}], [{"5": 0.8666666666666667, "6": 0.13333333333333333}], [{"5": 0.7333333333333333, "6": 0.2, "9": 0.06666666666666667}], [{"5": 1.0}], [{"6": 0.06666666666666667, "9": 0.2, "10": 0.7333333333333333}], [{"5": 0.2, "6": 0.2, "9": 0.4, "10": 0.2}], [{"5": 0.8, "6": 0.06666666666666667, "9": 0.06666666666666667, "10": 0.06666666666666667}], [{"5": 0.8666666666666667, "6": 0.06666666666666667, "9": 0.06666666666666667}], [{"5": 0.7333333333333333, "6": 0.2, "9": 0.06666666666666667}], [{"5": 0.9333333333333333, "9": 0.06666666666666667}], [{"5": 0.9333333333333333, "6": 0.06666666666666667}], [{"5": 0.6, "6": 0.2, "9": 0.2}], [{"5": 0.9333333333333333, "6": 0.06666666666666667}], [{"5": 0.9333333333333333, "6": 0.06666666666666667}], [{"5": 0.9333333333333333, "6": 0.06666666666666667}], [{"5": 0.8666666666666667, "6": 0.13333333333333333}], [{"5": 0.7333333333333333, "6": 0.13333333333333333, "9": 0.13333333333333333}], [{"5": 0.9333333333333333, "9": 0.06666666666666667}], [{"5": 0.7333333333333333, "6": 0.06666666666666667, "9": 0.2}], [{"5": 0.8666666666666667, "6": 0.13333333333333333}], [{"5": 0.8666666666666667, "6": 0.13333333333333333}], [{"5": 0.8, "6": 0.2}], [{"5": 0.8666666666666667, "6": 0.13333333333333333}], [{"5": 0.7333333333333333, "6": 0.13333333333333333, "9": 0.13333333333333333}], [{"5": 0.9333333333333333, "6": 0.06666666666666667}], [{"5": 0.9333333333333333, "6": 0.06666666666666667}], [{"5": 0.9333333333333333, "6": 0.06666666666666667}], [{"5": 0.9333333333333333, "6": 0.06666666666666667}], [{"5": 0.8, "6": 0.06666666666666667, "9": 0.13333333333333333}], [{"5": 0.9333333333333333, "6": 0.06666666666666667}], [{"5": 0.7333333333333333, "6": 0.06666666666666667, "9": 0.2}], [{"5": 0.8666666666666667, "6": 0.13333333333333333}], [{"5": 0.7333333333333333, "6": 0.2, "9": 0.06666666666666667}], [{"5": 0.9333333333333333, "9": 0.06666666666666667}], [{"5": 0.9333333333333333, "6": 0.06666666666666667}], [{"5": 0.9333333333333333, "6": 0.06666666666666667}], [{"5": 1.0}], [{"5": 0.9333333333333333, "9": 0.06666666666666667}], [{"5": 0.8666666666666667, "6": 0.13333333333333333}], [{"5": 0.7333333333333333, "6": 0.13333333333333333, "9": 0.13333333333333333}], [{"5": 0.8666666666666667, "6": 0.06666666666666667, "9": 0.06666666666666667}], [{"5": 0.7333333333333333, "6": 0.26666666666666666}], [{"5": 1.0}], [{"5": 0.9333333333333333, "9": 0.06666666666666667}], [{"5": 1.0}]], "parameters": [[[-0.1, -1.0, -0.03333333333333334, -0.33333333333333337, 0.033333333333333326, 0.33333333333333326, 0.1, 1.0]], [[0.9, -1.0, -0.03333333333333334, -0.33333333333333337, 0.033333333333333326, 0.33333333333333326, 0.1, 1.0]], [[-0.1, 0.0, -0.03333333333333334, -0.33333333333333337, 0.033333333333333326, 0.33333333333333326, 0.1, 1.0]], [[-0.1, -1.0, 0.9666666666666667, -0.33333333333333337, 0.033333333333333326, 0.33333333333333326, 0.1, 1.0]], [[-0.1, -1.0, -0.03333333333333334, 0.6666666666666666, 0.033333333333333326, 0.33333333333333326, 0.1, 1.0]], [[-0.1, -1.0, -0.03333333333333334, -0.33333333333333337, 1.0333333333333332, 0.33333333333333326, 0.1, 1.0]], [[-0.1, -1.0, -0.03333333333333334, -0.33333333333333337, 0.033333333333333326, 1.3333333333333333, 0.1, 1.0]], [[-0.1, -1.0, -0.03333333333333334, -0.33333333333333337, 0.033333333333333326, 0.33333333333333326, 1.1, 1.0]], [[-0.1, -1.0, -0.03333333333333334, -0.33333333333333337, 0.033333333333333326, 0.33333333333333326, 0.1, 2.0]], [[-0.35819888974716096, -1.5163977794943224, -0.29153222308049437, -1.1079300025748167, 0.033333333333333326, 0.33333333333333326, 0.1, 1.0]], [[-0.2290994448735805, -1.2581988897471612, -0.16243277820691387, -0.720631667954075, 0.033333333333333326, 0.33333333333333326, 0.1, 1.0]], [[0.14152294576982402, -1.0345032779671177, -0.050584972316892185, -0.38508825028400995, 0.033333333333333326, 0.33333333333333326, 0.1, 1.0]], [[-0.10000000000000002, -0.9440983005625053, -0.14513673220832285, -0.33333333333333337, 0.033333333333333326, 0.33333333333333326, 0.1, 1.0]], [[-0.10000000000000002, -0.8207157085998409, 0.05630881236674616, -0.4827369095001326, 0.033333333333333326, 0.33333333333333326, 0.1, 1.0]], [[-0.1, -1.0, -0.03333333333333334, -0.33333333333333337, 0.15833333333333333, 0.33333333333333326, 0.1, 1.0]], [[-0.1, -1.0, -0.03333333333333334, -0.33333333333333337, 0.033333333333333326, 0.45833333333333326, 0.1, 1.0]], [[-0.1, -1.0, -0.03333333333333334, -0.33333333333333337, 0.033333333333333326, 0.33333333333333326, 0.225, 1.0]], [[-0.1, -1.0, -0.03333333333333334, -0.33333333333333337, 0.033333333333333326, 0.33333333333333326, 0.1, 1.125]], [[-0.11613743060919758, -1.0322748612183952, -0.0494707639425309, -0.3817456251609261, 0.033333333333333326, 0.33333333333333326, 0.1, 1.0]], [[-0.069809631778772, -1.0043129097458896, -0.0354897882062782, -0.33980269795216794, 0.033333333333333326, 0.33333333333333326, 0.1, 1.0]], [[-0.1, -0.9775894635749801, -0.022128065120823402, -0.35200878035418326, 0.033333333333333326, 0.33333333333333326, 0.1, 1.0]], [[-0.1, -0.9930122875703131, -0.04730875819270702, -0.33333333333333337, 0.033333333333333326, 0.33333333333333326, 0.1, 1.0]], [[-0.1, -1.0, -0.03333333333333334, -0.33333333333333337, 0.048958333333333326, 0.33333333333333326, 0.1, 1.0]], [[-0.1, -1.0, -0.03333333333333334, -0.33333333333333337, 0.033333333333333326, 0.34895833333333326, 0.1, 1.0]], [[-0.1, -1.0, -0.03333333333333334, -0.33333333333333337, 0.033333333333333326, 0.33333333333333326, 0.115625, 1.0]], [[-0.1, -1.0, -0.03333333333333334, -0.33333333333333337, 0.033333333333333326, 0.33333333333333326, 0.1, 1.015625]], [[-0.1020171788261497, -1.0040343576522994, -0.03535051215948303, -0.33938486981178245, 0.033333333333333326, 0.33333333333333326, 0.1, 1.0]], [[-0.0962262039723465, -1.0005391137182362, -0.03360289019245145, -0.3341420039106877, 0.033333333333333326, 0.33333333333333326, 0.1, 1.0]], [[-0.1, -0.9971986829468725, -0.0319326748067696, -0.33566776421093963, 0.033333333333333326, 0.33333333333333326, 0.1, 1.0]], [[-0.1, -0.9991265359462892, -0.03508026144075505, -0.33333333333333337, 0.033333333333333326, 0.33333333333333326, 0.1, 1.0]], [[-0.1, -1.0, -0.03333333333333334, -0.33333333333333337, 0.035286458333333326, 0.33333333333333326, 0.1, 1.0]], [[-0.1, -1.0, -0.03333333333333334, -0.33333333333333337, 0.033333333333333326, 0.33528645833333326, 0.1, 1.0]], [[-0.1, -1.0, -0.03333333333333334, -0.33333333333333337, 0.033333333333333326, 0.33333333333333326, 0.101953125, 1.0]], [[-0.1, -1.0, -0.03333333333333334, -0.33333333333333337, 0.033333333333333326, 0.33333333333333326, 0.1, 1.001953125]], [[-0.10025214735326872, -1.0005042947065375, -0.033585480686602054, -0.3340897753931395, 0.033333333333333326, 0.33333333333333326, 0.1, 1.0]], [[-0.09952827549654332, -1.0000673892147796, -0.033367027940723104, -0.33343441715550265, 0.033333333333333326, 0.33333333333333326, 0.1, 1.0]], [[-0.1, -0.999649835368359, -0.03315825101751287, -0.33362513719303416, 0.033333333333333326, 0.33333333333333326, 0.1, 1.0]], [[-0.1, -0.9998908169932862, -0.033551699346761055, -0.33333333333333337, 0.033333333333333326, 0.33333333333333326, 0.1, 1.0]], [[-0.1, -1.0, -0.03333333333333334, -0.33333333333333337, 0.033577473958333326, 0.33333333333333326, 0.1, 1.0]], [[-0.1, -1.0, -0.03333333333333334, -0.33333333333333337, 0.033333333333333326, 0.33357747395833326, 0.1, 1.0]], [[-0.1, -1.0, -0.03333333333333334, -0.33333333333333337, 0.033333333333333326, 0.33333333333333326, 