{"params": [3, 2, 0.2, 15, 4, 0, 1], "bitstrings": ["100110", "101010", "100101", "101001", "010110", "010101", "011010", "011001"], "energy": -2.4279450960457325, "intermediate_data": [[{"21": 0.13333333333333333, "26": 0.06666666666666667, "37": 0.4, "38": 0.4}], [{"22": 0.06666666666666667, "37": 0.06666666666666667, "38": 0.26666666666666666, "42": 0.6}], [{"22": 0.06666666666666667, "26": 0.4, "38": 0.13333333333333333, "42": 0.4}], [{"22": 0.06666666666666667, "26": 0.26666666666666666, "38": 0.13333333333333333, "42": 0.5333333333333333}], [{"21": 0.26666666666666666, "22": 0.06666666666666667, "25": 0.4666666666666667, "26": 0.13333333333333333, "42": 0.06666666666666667}], [{"21": 0.2, "22": 0.2, "25": 0.2, "26": 0.06666666666666667, "37": 0.2, "38": 0.13333333333333333}], [{"21": 0.2, "22": 0.2, "25": 0.13333333333333333, "26": 0.2, "37": 0.06666666666666667, "38": 0.2}], [{"22": 0.3333333333333333, "25": 0.06666666666666667, "26": 0.06666666666666667, "37": 0.2, "38": 0.26666666666666666, "41": 0.06666666666666667}], [{"21": 0.13333333333333333, "22": 0.3333333333333333, "25": 0.06666666666666667, "26": 0.13333333333333333, "37": 0.06666666666666667, "38": 0.26666666666666666}], [{"26": 0.06666666666666667, "38": 0.26666666666666666, "41": 0.06666666666666667, "42": 0.6}], [{"37": 0.13333333333333333, "38": 0.4666666666666667, "41": 0.2, "42": 0.2}], [{"21": 0.13333333333333333, "22": 0.06666666666666667, "25": 0.13333333333333333, "26": 0.06666666666666667, "37": 0.3333333333333333, "41": 0.2, "42": 0.06666666666666667}], [{"21": 0.06666666666666667, "25": 0.13333333333333333, "37": 0.4666666666666667, "38": 0.3333333333333333}], [{"21": 0.13333333333333333, "22": 0.2, "37": 0.4, "38": 0.26666666666666666}], [{"37": 0.3333333333333333, "38": 0.6666666666666666}], [{"21": 0.13333333333333333, "26": 0.06666666666666667, "37": 0.3333333333333333, "38": 0.4, "42": 0.06666666666666667}], [{"21": 0.26666666666666666, "25": 0.06666666666666667, "37": 0.4, "38": 0.26666666666666666}], [{"22": 0.13333333333333333, "25": 0.06666666666666667, "37": 0.4666666666666667, "38": 0.3333333333333333}], [{"21": 0.13333333333333333, "22": 0.13333333333333333, "25": 0.06666666666666667, "26": 0.06666666666666667, "37": 0.26666666666666666, "38": 0.3333333333333333}], [{"37": 0.3333333333333333, "38": 0.6666666666666666}], [{"21": 0.06666666666666667, "25": 0.06666666666666667, "26": 0.13333333333333333, "37": 0.5333333333333333, "38": 0.2}], [{"21": 0.06666666666666667, "26": 0.06666666666666667, "37": 0.6666666666666666, "38": 0.13333333333333333, "42": 0.06666666666666667}], [{"22": 0.2, "25": 0.06666666666666667, "37": 0.4, "38": 0.3333333333333333}], [{"22": 0.13333333333333333, "25": 0.06666666666666667, "26": 0.06666666666666667, "37": 0.26666666666666666, "38": 0.4, "42": 0.06666666666666667}], [{"25": 0.06666666666666667, "26": 0.13333333333333333, "37": 0.4, "38": 0.4}], [{"22": 0.06666666666666667, "37": 0.6, "38": 0.3333333333333333}], [{"21": 0.06666666666666667, "22": 0.13333333333333333, "25": 0.06666666666666667, "37": 0.3333333333333333, "38": 0.4}], [{"21": 0.13333333333333333, "22": 0.06666666666666667, "26": 0.06666666666666667, "37": 0.4, "38": 0.3333333333333333}], [{"22": 0.13333333333333333, "25": 0.06666666666666667, "26": 0.06666666666666667, "37": 0.3333333333333333, "38": 0.4}], [{"21": 0.06666666666666667, "37": 0.26666666666666666, "38": 0.6, "42": 0.06666666666666667}], [{"22": 0.06666666666666667, "25": 0.06666666666666667, "37": 0.6, "38": 0.26666666666666666}], [{"22": 0.06666666666666667, "37": 0.5333333333333333, "38": 0.4}], [{"21": 0.06666666666666667, "22": 0.06666666666666667, "26": 0.06666666666666667, "37": 0.26666666666666666, "38": 0.4666666666666667, "42": 0.06666666666666667}], [{"21": 0.13333333333333333, "22": 0.06666666666666667, "37": 0.5333333333333333, "38": 0.2, "41": 0.06666666666666667}], [{"25": 0.06666666666666667, "37": 0.4666666666666667, "38": 0.4666666666666667}], [{"21": 0.06666666666666667, "26": 0.06666666666666667, "37": 0.4666666666666667, "38": 0.3333333333333333, "41": 0.06666666666666667}], [{"21": 0.06666666666666667, "25": 0.06666666666666667, "26": 0.06666666666666667, "37": 0.4666666666666667, "38": 0.26666666666666666, "42": 0.06666666666666667}], [{"21": 0.06666666666666667, "22": 0.06666666666666667, "26": 0.06666666666666667, "37": 0.4666666666666667, "38": 0.3333333333333333}], [{"21": 0.13333333333333333, "25": 0.06666666666666667, "37": 0.13333333333333333, "38": 0.6, "42": 0.06666666666666667}], [{"21": 0.13333333333333333, "22": 0.06666666666666667, "37": 0.4, "38": 0.4}], [{"21": 0.06666666666666667, "22": 0.13333333333333333, "37": 0.4, "38": 0.3333333333333333, "42": 0.06666666666666667}], [{"21": 0.06666666666666667, "22": 0.06666666666666667, "25": 0.06666666666666667, "37": 0.5333333333333333, "38": 0.26666666666666666}], [{"25": 0.06666666666666667, "37": 0.5333333333333333, "38": 0.3333333333333333, "42": 0.06666666666666667}], [{"21": 0.06666666666666667, "22": 0.06666666666666667, "25": 0.06666666666666667, "26": 0.06666666666666667, "37": 0.5333333333333333, "38": 0.2}], [{"21": 0.13333333333333333, "37": 0.5333333333333333, "38": 0.26666666666666666, "41": 0.06666666666666667}], [{"22": 0.06666666666666667, "37": 0.3333333333333333, "38": 0.5333333333333333, "41": 0.06666666666666667}], [{"22": 0.06666666666666667, "37": 0.4666666666666667, "38": 0.4666666666666667}], [{"25": 0.06666666666666667, "37": 0.3333333333333333, "38": 0.6}], [{"21": 0.06666666666666667, "37": 0.3333333333333333, "38": 0.6}], [{"21": 0.06666666666666667, "26": 0.06666666666666667, "37": 0.4, "38": 0.4, "42": 0.06666666666666667}], [{"21": 0.13333333333333333, "37": 0.5333333333333333, "38": 0.26666666666666666, "41": 0.06666666666666667}], [{"22": 0.06666666666666667, "25": 0.26666666666666666, "37": 0.26666666666666666, "38": 0.4}]],