{"params": [2, 3, 0.2, 15, 4, 0, 1], "bitstrings": ["010010", "010100", "100010", "001010", "100100", "010001", "001100", "100001", "001001"], "energy": -2.298123389482498, "intermediate_data": [[{"9": 0.26666666666666666, "10": 0.13333333333333333, "12": 0.06666666666666667, "17": 0.06666666666666667, "18": 0.06666666666666667, "20": 0.13333333333333333, "33": 0.06666666666666667, "34": 0.13333333333333333, "36": 0.06666666666666667}], [{"9": 0.5333333333333333, "10": 0.06666666666666667, "17": 0.26666666666666666, "20": 0.06666666666666667, "33": 0.06666666666666667}], [{"9": 0.06666666666666667, "10": 0.13333333333333333, "12": 0.06666666666666667, "18": 0.2, "20": 0.2, "33": 0.06666666666666667, "34": 0.26666666666666666}], [{"12": 0.13333333333333333, "17": 0.2, "18": 0.06666666666666667, "20": 0.2, "33": 0.13333333333333333, "34": 0.13333333333333333, "36": 0.13333333333333333}], [{"9": 0.13333333333333333, "10": 0.06666666666666667, "12": 0.13333333333333333, "17": 0.13333333333333333, "20": 0.06666666666666667, "33": 0.2, "34": 0.06666666666666667, "36": 0.2}], [{"10": 0.06666666666666667, "12": 0.06666666666666667, "17": 0.06666666666666667, "18": 0.4666666666666667, "20": 0.13333333333333333, "34": 0.2}], [{"12": 0.06666666666666667, "18": 0.5333333333333333, "20": 0.26666666666666666, "34": 0.06666666666666667, "36": 0.06666666666666667}], [{"18": 0.4666666666666667, "20": 0.13333333333333333, "34": 0.3333333333333333, "36": 0.06666666666666667}], [{"18": 0.8, "20": 0.06666666666666667, "34": 0.13333333333333333}], [{"9": 0.6666666666666666, "12": 0.13333333333333333, "17": 0.06666666666666667, "33": 0.13333333333333333}], [{"9": 0.2, "10": 0.13333333333333333, "12": 0.06666666666666667, "18": 0.13333333333333333, "20": 0.2, "33": 0.06666666666666667, "34": 0.06666666666666667, "36": 0.13333333333333333}], [{"9": 0.06666666666666667, "12": 0.4, "17": 0.06666666666666667, "20": 0.13333333333333333, "33": 0.13333333333333333, "34": 0.13333333333333333, "36": 0.06666666666666667}], [{"9": 0.2, "12": 0.13333333333333333, "17": 0.06666666666666667, "18": 0.13333333333333333, "20": 0.26666666666666666, "36": 0.2}], [{"10": 0.06666666666666667, "18": 0.8666666666666667, "34": 0.06666666666666667}], [{"10": 0.2, "12": 0.06666666666666667, "17": 0.13333333333333333, "18": 0.3333333333333333, "20": 0.13333333333333333, "34": 0.13333333333333333}], [{"10": 0.06666666666666667, "18": 0.6666666666666666, "20": 0.26666666666666666}], [{"17": 0.06666666666666667, "18": 0.5333333333333333, "20": 0.3333333333333333, "34": 0.06666666666666667}], [{"18": 0.4666666666666667, "20": 0.26666666666666666, "34": 0.26666666666666666}], [{"10": 0.06666666666666667, "12": 0.13333333333333333, "18": 0.3333333333333333, "20": 0.2, "33": 0.06666666666666667, "36": 0.2}], [{"10": 0.2, "12": 0.06666666666666667, "17": 0.13333333333333333, "18": 0.26666666666666666, "20": 0.26666666666666666, "36": 0.06666666666666667}], [{"10": 0.06666666666666667, "17": 0.06666666666666667, "18": 0.26666666666666666, "20": 0.3333333333333333, "33": 0.06666666666666667, "34": 0.06666666666666667, "36": 0.13333333333333333}], [{"9": 0.06666666666666667, "10": 0.13333333333333333, "18": 0.06666666666666667, "20": 0.2, "33": 0.06666666666666667, "34": 0.3333333333333333, "36": 0.13333333333333333}], [{"17": 0.06666666666666667, "18": 0.5333333333333333, "20": 0.2, "34": 0.06666666666666667, "36": 0.13333333333333333}], [{"10": 0.06666666666666667, "12": 0.13333333333333333, "17": 0.13333333333333333, "18": 0.3333333333333333, "20": 0.2, "34": 0.06666666666666667, "36": 0.06666666666666667}], [{"10": 0.06666666666666667, "17": 0.2, "18": 0.3333333333333333, "20": 0.2, "34": 0.2}], [{"10": 0.13333333333333333, "17": 0.2, "18": 0.4666666666666667, "20": 0.06666666666666667, "34": 0.06666666666666667, "36": 0.06666666666666667}], [{"10": 0.13333333333333333, "12": 0.06666666666666667, "17": 0.13333333333333333, "18": 0.4, "20": 0.06666666666666667, "34": 0.2}], [{"10": 0.2, "12": 0.06666666666666667, "18": 0.13333333333333333, "20": 0.06666666666666667, "33": 0.06666666666666667, "34": 0.4, "36": 0.06666666666666667}], [{"9": 0.06666666666666667, "10": 0.06666666666666667, "17": 0.06666666666666667, "18": 0.5333333333333333, "20": 0.2, "34": 0.06666666666666667}], [{"10": 0.06666666666666667, "12": 0.06666666666666667, "18": 0.5333333333333333, "20": 0.2, "33": 0.06666666666666667, "34": 0.06666666666666667}], [{"10": 0.2, "12": 0.06666666666666667, "18": 0.3333333333333333, "20": 0.06666666666666667, "34": 0.26666666666666666, "36": 0.06666666666666667}], [{"10": 0.2, "12": 0.13333333333333333, "18": 0.3333333333333333, "20": 0.2, "34": 0.13333333333333333}], [{"10": 0.06666666666666667, "12": 0.13333333333333333, "17": 0.06666666666666667, "18": 0.26666666666666666, "20": 0.3333333333333333, "36": 0.13333333333333333}], [{"10": 0.2, "17": 0.06666666666666667, "18": 0.26666666666666666, "20": 0.3333333333333333, "33": 0.06666666666666667, "34": 0.06666666666666667}], [{"9": 0.06666666666666667, "12": 0.06666666666666667, "18": 0.3333333333333333, "20": 0.06666666666666667, "34": 0.2, "36": 0.26666666666666666}], [{"10": 0.13333333333333333, "17": 0.26666666666666666, "18": 0.2, "20": 0.26666666666666666, "36": 0.13333333333333333}], [{"9": 0.06666666666666667, "10": 0.13333333333333333, "18": 0.13333333333333333, "20": 0.4666666666666667, "33": 0.06666666666666667, "34": 0.06666666666666667, "36": 0.06666666666666667}], [{"17": 0.06666666666666667, "18": 0.4, "20": 0.06666666666666667, "34": 0.3333333333333333, "36": 0.13333333333333333}], [{"18": 0.4, "20": 0.2, "33": 0.06666666666666667, "34": 0.2, "36": 0.13333333333333333}], [{"9": 0.06666666666666667, "10": 0.06666666666666667, "12": 0.06666666666666667, "17": 0.06666666666666667, "18": 0.26666666666666666, "20": 0.13333333333333333, "34": 0.2, "36": 0.13333333333333333}], [{"18": 0.5333333333333333, "20": 0.13333333333333333, "34": 0.26666666666666666, "36": 0.06666666666666667}], [{"10": 0.13333333333333333, "12": 0.06666666666666667, "17": 0.06666666666666667, "18": 0.13333333333333333, "20": 0.13333333333333333, "34": 0.4666666666666667}], [{"12": 0.06666666666666667, "18": 0.3333333333333333, "20": 0.4, "34": 0.13333333333333333, "36": 0.06666666666666667}], [{"9": 0.06666666666666667, "10": 0.06666666666666667, "12": 0.06666666666666667, "17": 0.06666666666666667, "18": 0.26666666666666666, "20": 0.3333333333333333, "34": 0.06666666666666667, "36": 0.06666666666666667}], [{"10": 0.13333333333333333, "12": 0.13333333333333333, "17": 0.06666666666666667, "18": 0.26666666666666666, "20": 0.13333333333333333, "34": 0.13333333333333333, "36": 0.13333333333333333}], [{"10": 0.13333333333333333, "17": 0.26666666666666666, "18": 0.26666666666666666, "20": 0.06666666666666667, "34": 0.26666666666666666}], [{"10": 0.2, "18": 0.2, "20": 0.4, "33": 0.13333333333333333, "36": 0.06666666666666667}], [{"10": 0.2, "12": 0.13333333333333333, "18": 0.4, "20": 0.06666666666666667, "34": 0.2}], [{"10": 0.13333333333333333, "18": 0.6, "20": 0.13333333333333333, "36": 0.13333333333333333}], [{"17": 0.06666666666666667, "18": 0.5333333333333333, "20": 0.2, "34": 0.13333333333333333, "36": 0.06666666666666667}], [{"10": 0.13333333333333333, "12": 0.06666666666666667, "18": 0.4, "20": 0.06666666666666667, "33": 0.06666666666666667, "34": 0.2, "36": 0.06666666666666667}], [{"17": 0.06666666666666667, "18": 0.3333333333333333, "20": 0.26666666666666666, "33": 0.06666666666666667, "34": 0.26666666666666666}], [{"12": 0.06666666666666667, "17": 0.13333333333333333, "18": 0.2, "20": 0.3333333333333333, "33": 0.06666666666666667, "34": 0.2}], [{"9": 0.06666666666666667, "17": 0.06666666666666667, "18": 0.4666666666666667, "20": 0.2, "33": 0.06666666666666667, "34": 0.13333333333333333}], [{"10": 0.13333333333333333, "17": 0.06666666666666667, "18": 0.2, "20": 0.5333333333333333, "34": 0.06666666666666667}], [{"10": 0.06666666666666667, "17": 0.13333333333333333,