{"params": [2, 2, 0.2, 5, 4, 0, 1], "bitstrings": ["0101", "0110", "1001", "1010"], "energy": -0.22844527661800385, "intermediate_data": [[{"5": 0.8, "6": 0.2}], [{"9": 0.6, "10": 0.4}], [{"5": 0.2, "6": 0.6, "10": 0.2}], [{"5": 0.2, "9": 0.4, "10": 0.4}], [{"6": 0.4, "10": 0.6}], [{"5": 0.8, "6": 0.2}], [{"5": 1.0}], [{"5": 1.0}], [{"5": 1.0}], [{"9": 0.2, "10": 0.8}], [{"5": 0.6, "6": 0.4}], [{"5": 1.0}], [{"5": 1.0}], [{"5": 1.0}], [{"5": 1.0}], [{"5": 0.8, "6": 0.2}], [{"5": 1.0}], [{"5": 1.0}], [{"5": 1.0}], [{"5": 1.0}], [{"5": 0.6, "6": 0.2, "9": 0.2}], [{"5": 1.0}], [{"5": 0.8, "9": 0.2}], [{"5": 0.4, "6": 0.4, "9": 0.2}], [{"5": 0.6, "6": 0.2, "10": 0.2}], [{"5": 1.0}], [{"5": 1.0}], [{"5": 1.0}], [{"5": 1.0}], [{"5": 1.0}], [{"5": 1.0}], [{"5": 1.0}], [{"5": 0.4, "6": 0.4, "9": 0.2}], [{"5": 0.8, "6": 0.2}], [{"5": 0.8, "9": 0.2}], [{"5": 0.6, "6": 0.2, "9": 0.2}], [{"5": 1.0}], [{"5": 0.8, "6": 0.2}], [{"5": 0.8, "9": 0.2}], [{"5": 0.8, "6": 0.2}], [{"5": 0.8, "9": 0.2}], [{"5": 1.0}], [{"5": 0.8, "6": 0.2}], [{"5": 0.8, "6": 0.2}], [{"5": 0.8, "9": 0.2}], [{"5": 1.0}], [{"5": 0.8, "6": 0.2}], [{"5": 1.0}], [{"5": 0.4, "6": 0.4, "9": 0.2}], [{"5": 0.6, "6": 0.2, "9": 0.2}]], "parameters": [[[-0.1, -1.0, -0.03333333333333334, -0.33333333333333337, 0.033333333333333326, 0.33333333333333326, 0.1, 1.0]], [[0.9, -1.0, -0.03333333333333334, -0.33333333333333337, 0.033333333333333326, 0.33333333333333326, 0.1, 1.0]], [[-0.1, 0.0, -0.03333333333333334, -0.33333333333333337, 0.033333333333333326, 0.33333333333333326, 0.1, 1.0]], [[-0.1, -1.0, 0.9666666666666667, -0.33333333333333337, 0.033333333333333326, 0.33333333333333326, 0.1, 1.0]], [[-0.1, -1.0, -0.03333333333333334, 0.6666666666666666, 0.033333333333333326, 0.33333333333333326, 0.1, 1.0]], [[-0.1, -1.0, -0.03333333333333334, -0.33333333333333337, 1.0333333333333332, 0.33333333333333326, 0.1, 1.0]], [[-0.1, -1.0, -0.03333333333333334, -0.33333333333333337, 0.033333333333333326, 1.3333333333333333, 0.1, 1.0]], [[-0.1, -1.0, -0.03333333333333334, -0.33333333333333337, 0.033333333333333326, 0.33333333333333326, 1.1, 1.0]], [[-0.1, -1.0, -0.03333333333333334, -0.33333333333333337, 0.033333333333333326, 0.33333333333333326, 0.1, 2.0]], [[-0.9745119262872285, -1.48500401109826, -0.03333333333333334, -0.33333333333333337, 0.033333333333333326, 0.33333333333333326, 0.1, 1.0]], [[-0.5372559631436142, -1.24250200554913, -0.03333333333333334, -0.33333333333333337, 0.033333333333333326, 0.33333333333333326, 0.1, 1.0]], [[0.021251002774564987, -1.218627981571807, -0.03333333333333334, -0.33333333333333337, 0.033333333333333326, 0.33333333333333326, 0.1, 1.0]], [[-0.1, -1.0, 0.09166666666666666, -0.33333333333333337, 0.033333333333333326, 0.33333333333333326, 0.1, 1.0]], [[-0.1, -1.0, -0.03333333333333334, -0.20833333333333337, 0.033333333333333326, 0.33333333333333326, 0.1, 1.0]], [[-0.1, -1.0, -0.03333333333333334, -0.33333333333333337, 0.15833333333333333, 0.33333333333333326, 0.1, 1.0]], [[-0.1, -1.0, -0.03333333333333334, -0.33333333333333337, 0.033333333333333326, 0.45833333333333326, 0.1, 1.0]], [[-0.1, -1.0, -0.03333333333333334, -0.33333333333333337, 0.033333333333333326, 0.33333333333333326, 0.225, 1.0]], [[-0.1, -1.0, -0.03333333333333334, -0.33333333333333337, 0.033333333333333326, 0.33333333333333326, 0.1, 1.125]], [[-0.1546569953929518, -1.0303127506936411, -0.03333333333333334, -0.33333333333333337, 0.033333333333333326, 0.33333333333333326, 0.1, 1.0]], [[-0.08484362465317938, -1.0273284976964758, -0.03333333333333334, -0.33333333333333337, 0.033333333333333326, 0.33333333333333326, 0.1, 1.0]], [[-0.1, -1.0, -0.01770833333333334, -0.33333333333333337, 0.033333333333333326, 0.33333333333333326, 0.1, 1.0]], [[-0.1, -1.0, -0.03333333333333334, -0.31770833333333337, 0.033333333333333326, 0.33333333333333326, 0.1, 1.0]], [[-0.1, -1.0, -0.03333333333333334, -0.33333333333333337, 0.048958333333333326, 0.33333333333333326, 0.1, 1.0]], [[-0.1, -1.0, -0.03333333333333334, -0.33333333333333337, 0.033333333333333326, 0.34895833333333326, 0.1, 1.0]], [[-0.1, -1.0, -0.03333333333333334, -0.33333333333333337, 0.033333333333333326, 0.33333333333333326, 0.115625, 1.0]], [[-0.1, -1.0, -0.03333333333333334, -0.33333333333333337, 0.033333333333333326, 0.33333333333333326, 0.1, 1.015625]], [[-0.10683212442411898, -1.0037890938367051, -0.03333333333333334, -0.33333333333333337, 0.033333333333333326, 0.33333333333333326, 0.1, 1.0]], [[-0.09810545308164743, -1.0034160622120596, -0.03333333333333334, -0.33333333333333337, 0.033333333333333326, 0.33333333333333326, 0.1, 1.0]], [[-0.1, -1.0, -0.03138020833333334, -0.33333333333333337, 0.033333333333333326, 0.33333333333333326, 0.1, 1.0]], [[-0.1, -1.0, -0.03333333333333334, -0.33138020833333337, 0.033333333333333326, 0.33333333333333326, 0.1, 1.0]], [[-0.1, -1.0, -0.03333333333333334, -0.33333333333333337, 0.035286458333333326, 0.33333333333333326, 0.1, 1.0]], [[-0.1, -1.0, -0.03333333333333334, -0.33333333333333337, 0.033333333333333326, 0.33528645833333326, 0.1, 1.0]], [[-0.1, -1.0, -0.03333333333333334, -0.33333333333333337, 0.033333333333333326, 0.33333333333333326, 0.101953125, 1.0]], [[-0.1, -1.0, -0.03333333333333334, -0.33333333333333337, 0.033333333333333326, 0.33333333333333326, 0.1, 1.001953125]], [[-0.10085401555301488, -1.0004736367295881, -0.03333333333333334, -0.33333333333333337, 0.033333333333333326, 0.33333333333333326, 0.1, 1.0]], [[-0.09976318163520594, -1.0004270077765074, -0.03333333333333334, -0.33333333333333337, 0.033333333333333326, 0.33333333333333326, 0.1, 1.0]], [[-0.1, -1.0, -0.03308919270833334, -0.33333333333333337, 0.033333333333333326, 0.33333333333333326, 0.1, 1.0]], [[-0.1, -1.0, -0.03333333333333334, -0.33308919270833337, 0.033333333333333326, 0.33333333333333326, 0.1, 1.0]], [[-0.1, -1.0, -0.03333333333333334, -0.33333333333333337, 0.033577473958333326, 0.33333333333333326, 0.1, 1.0]], [[-0.1, -1.0, -0.03333333333333334, -0.33333333333333337, 0.033333333333333326, 0.33357747395833326, 0.1, 1.0]], [[-0.1, -1.0, -0.03333333333333334, -0.33333333333333337, 0.033333333333333326, 0.33333333333333326, 0.100244140625, 1.0]], [[-0.1, -1.0, -0.03333333333333334, -0.33333333333333337, 0.033333333333333326, 0.33333333333333326, 0.1, 1.000244140625]], [[-0.10010675194412687, -1.0000592045911985, -0.03333333333333334, -0.33333333333333337, 0.033333333333333326, 0.33333333333333326, 0.1, 1.0]], [[-0.0999757497994451, -1.0000437255963144, -0.03333333333333334, -0.33333333333333337, 0.033333333333333326, 0.33333333333333326, 0.1, 1.0]], [[-0.1, -1.0, -0.03328333333333334, -0.33333333333333337, 0.033333333333333326, 0.33333333333333326, 0.1, 1.0]], [[-0.1, -1.0, -0.03333333333333334, -0.3332833333333334, 0.033333333333333326, 0.33333333333333326, 0.1, 1.0]], [[-0.1, -1.0, -0.03333333333333334, -0.33333333333333337, 0.03338333333333333, 0.33333333333333326, 0.1, 1.0]], [[-0.1, -1.0, -0.03333333333333334, -0.33333333333333337, 0.033333333333333326, 0.33338333333333325, 0.1, 1.0]], [[-0.1, -1.0, -0.03333333333333334, -0.33333333333333337, 0.033333333333333326, 0.33333333333333326, 0.10005, 1.0]], [[-0.1, -1.0, -0.03333333333333334, -0.33333333333333337, 0.033333333333333326, 0.33333333333333326, 0.1, 1.00005]]], "all_bitstrings": {"0101": {"probability": 39.59999999999999, "energy": -0.22844527661800385, "count": 48}, "1001": {"probability": 3.6000000000000014, "energy": 0.06609578430652607, "count": 15}, "0110": {"probability": 5.200000000000002, "energy": -0.06509290635585775, "count": 19}, "1010": {"probability": 2.6000000000000005, "energy": 0.2274423986673355, "count": 6}}, "all_unrestricted_bitstrings": {"0101": {"probability": 39.59999999999999, "energy": -0.22844527661800385, "count": 48}, "1001": {"probability": 3.6000000000000014, "energy": 0.06609578430652607, "count": 15}, "0110": {"probability": 5.200000000000002, "energy": -0.06509290635585775, "count": 19}, "1010": {"probability": 2.6000000000000005, "energy": 0.2274423986673355,