{"params": [2, 3, 0.2, 5, 4, 0, 1], "bitstrings": ["010010", "010100", "100010", "001010", "100100", "010001", "001100", "100001", "001001"], "energy": -2.298123389482498, "intermediate_data": [[{"9": 0.8, "33": 0.2}], [{"9": 0.8, "18": 0.2}], [{"12": 0.2, "20": 0.4, "36": 0.4}], [{"9": 0.4, "17": 0.2, "33": 0.2, "34": 0.2}], [{"17": 0.2, "20": 0.6, "36": 0.2}], [{"9": 0.2, "18": 0.2, "20": 0.2, "33": 0.2, "36": 0.2}], [{"12": 0.2, "33": 0.4, "34": 0.2, "36": 0.2}], [{"18": 0.2, "20": 0.2, "33": 0.2, "36": 0.4}], [{"12": 0.2, "36": 0.8}], [{"9": 0.2, "17": 0.6, "18": 0.2}], [{"9": 0.2, "12": 0.2, "17": 0.4, "18": 0.2}], [{"9": 0.2, "10": 0.4, "18": 0.4}], [{"9": 0.2, "18": 0.4, "34": 0.2, "36": 0.2}], [{"9": 0.2, "18": 0.6, "34": 0.2}], [{"9": 0.2, "10": 0.4, "18": 0.4}], [{"9": 0.2, "12": 0.2, "33": 0.2, "34": 0.2, "36": 0.2}], [{"10": 0.6, "12": 0.2, "18": 0.2}], [{"12": 0.2, "17": 0.2, "18": 0.4, "36": 0.2}], [{"9": 0.4, "10": 0.4, "17": 0.2}], [{"9": 0.2, "12": 0.2, "17": 0.4, "18": 0.2}], [{"18": 1.0}], [{"9": 0.4, "17": 0.2, "18": 0.4}], [{"9": 0.6, "18": 0.2, "33": 0.2}], [{"9": 0.4, "10": 0.2, "18": 0.2, "33": 0.2}], [{"10": 0.2, "17": 0.2, "18": 0.6}], [{"10": 0.2, "18": 0.6, "33": 0.2}], [{"17": 0.2, "18": 0.8}], [{"10": 0.2, "18": 0.6, "34": 0.2}], [{"10": 0.2, "18": 0.8}], [{"10": 0.2, "18": 0.8}], [{"17": 0.2, "18": 0.6, "34": 0.2}], [{"9": 0.2, "17": 0.2, "18": 0.6}], [{"9": 0.2, "10": 0.2, "18": 0.4, "34": 0.2}], [{"9": 0.2, "10": 0.2, "17": 0.2, "18": 0.4}], [{"17": 0.4, "18": 0.6}], [{"10": 0.2, "17": 0.2, "18": 0.6}], [{"10": 0.2, "17": 0.2, "18": 0.2, "20": 0.2, "34": 0.2}], [{"9": 0.2, "10": 0.4, "18": 0.4}], [{"17": 0.2, "18": 0.4, "20": 0.2, "33": 0.2}], [{"10": 0.4, "18": 0.2, "20": 0.2, "33": 0.2}], [{"9": 0.2, "10": 0.2, "18": 0.4, "20": 0.2}], [{"17": 0.4, "18": 0.4, "33": 0.2}], [{"9": 0.2, "10": 0.2, "18": 0.4, "34": 0.2}], [{"9": 0.2, "17": 0.4, "18": 0.2, "20": 0.2}], [{"10": 0.4, "18": 0.6}], [{"10": 0.2, "18": 0.8}], [{"17": 0.2, "18": 0.8}], [{"9": 0.4, "10": 0.4, "34": 0.2}], [{"9": 0.2, "10": 0.2, "17": 0.2, "18": 0.4}], [{"9": 0.4, "18": 0.6}], [{"17": 0.4, "18": 0.2, "20": 0.2, "34": 0.2}], [{"9": 0.2, "10": 0.4, "17": 0.2, "18": 0.2}], [{"10": 0.4, "17": 0.2, "18": 0.4}], [{"9": 0.2, "10": 0.2, "18": 0.6}], [{"17": 0.6, "18": 0.2, "33": 0.2}]], "parameters": [[[-0.1, -1.0, -0.03333333333333334, -0.33333333333333337, 0.033333333333333326, 0.33333333333333326, 0.1, 1.0]], [[0.9, -1.0, -0.03333333333333334, -0.33333333333333337, 0.033333333333333326, 0.33333333333333326, 0.1, 1.0]], [[0.9, 0.0, -0.03333333333333334, -0.33333333333333337, 0.033333333333333326, 0.33333333333333326, 0.1, 1.0]], [[0.9, -1.0, 0.9666666666666667, -0.33333333333333337, 0.033333333333333326, 0.33333333333333326, 0.1, 1.0]], [[0.9, -1.0, 0.9666666666666667, 0.6666666666666666, 0.033333333333333326, 0.33333333333333326, 0.1, 1.0]], [[0.9, -1.0, 0.9666666666666667, -0.33333333333333337, 1.0333333333333332, 0.33333333333333326, 0.1, 1.0]], [[0.9, -1.0, 0.9666666666666667, -0.33333333333333337, 0.033333333333333326, 1.3333333333333333, 0.1, 1.0]], [[0.9, -1.0, 0.9666666666666667, -0.33333333333333337, 0.033333333333333326, 0.33333333333333326, 1.1, 1.0]], [[0.9, -1.0, 0.9666666666666667, -0.33333333333333337, 0.033333333333333326, 0.33333333333333326, 0.1, 2.0]], [[1.3648869244157833, -1.3738202166732751, 1.2706146916238463, -0.33333333333333337, -0.27061469162384644, -0.34443490829712153, 0.1, 1.0]], [[0.663152489106289, -1.6746254610370397, 1.5151952569415283, -0.33333333333333337, -0.5151952569415286, -0.8898207179785682, 0.1, 1.0]], [[1.3002094674108806, -0.9255417216747404, 1.3570855127883945, -0.4198041544978815, -0.35708551278839457, -0.43090572946166966, 0.013529178835451891, 0.9135291788354519]], [[2.2524530335273782, -1.1429587699720594, 1.231124616874531, -0.12661685320797544, -0.23112461687453098, -0.5106135859602354, 0.3067164801253579, 1.2067164801253578]], [[1.4491981017996671, -1.4335477272766988, 1.4420682345167621, -0.4633611316991054, -0.4420682345167623, 0.015856543253766064, -0.030027798365772018, 0.869972201634228]], [[1.3648869244157833, -1.3738202166732751, 1.0938379963272093, -0.33333333333333337, -0.4473913869204833, -0.34443490829712153, 0.10000000000000002, 1.0]], [[1.3883777170622846, -1.385012226133527, 1.0168472694973223, -0.5335192929279906, -0.016847269497322515, -0.3270034062649778, -0.10018595959465726, 0.7998140404053428]], [[1.3648869244157833, -1.3738202166732751, 1.2706146916238463, -0.1565566380366965, -0.27061469162384644, -0.34443490829712153, -0.07677669529663689, 1.0]], [[1.260702186905422, -1.286599330445206, 1.2356551997636478, -0.06928695464192086, -0.23565519976364793, -0.1694125978494648, 0.36404637869141243, 0.7570598098734851]], [[1.2110981375137617, -1.2450720467774687, 1.2190104166372502, -0.3075138106059198, -0.2190104166372503, -0.08608162692654397, 0.12581952272741362, 1.3692793006319377]], [[1.2421186868010907, -1.4299929424395057, 1.4032453541659577, -0.29103420462999857, -0.40324535416595797, -0.4054525332350975, 0.14229912870333467, 1.0422991287033347]], [[1.5545674721457452, -1.3272532201172254, 1.3295166055637653, -0.2573866979089884, -0.3295166055637654, -0.3549353566782192, 0.17594663542434513, 1.0759466354243452]], [[1.338840740038193, -1.352014995116258, 1.2618748186587967, -0.26732173866048026, -0.2618748186587968, -0.30067933068520736, 0.1660115946728531, 0.9392649524683713]], [[1.3729716065413962, -1.429855028548092, 1.2598058389782778, -0.32252448068776485, -0.25980583897827797, -0.33362605565155307, 0.11080885264556851, 1.0108088526455685]], [[1.326439727690278, -1.3416331741993235, 1.2577136228771972, -0.32687845265147997, -0.2577136228771974, -0.27984658795447714, 0.10645488068185341, 1.0923198251579844]], [[1.3754258215887687, -1.381286155498703, 1.2920463844854608, -0.3495868081290549, -0.29204638448546094, -0.2993984768532606, 0.0837465252042785, 0.9837465252042785]], [[1.3495408947139467, -1.380841807394054, 1.2871935244416102, -0.3280459422454165, -0.2871935244416104, -0.35206211141436855, 0.10528739108791685, 1.0052873910879168]], [[1.3648869244157833, -1.3738202166732751, 1.2706146916238463, -0.31123624642125375, -0.27061469162384644, -0.34443490829712153, 0.0779029130879204, 1.0]], [[1.3885969928820285, -1.3679993421037688, 1.2779774308663363, -0.3238400039052902, -0.2779774308663363, -0.3457474643447587, 0.10949332942804316, 1.009493329428043]], [[1.3648869244157833, -1.3738202166732751, 1.2485176047117668, -0.33333333333333337, -0.29271177853592606, -0.34443490829712153, 0.1, 1.0]], [[1.3600810248250952, -1.3697968363640312, 1.2690020580305152, -0.3325264732481017, -0.2690020580305153, -0.33636136825429097, 0.10080686008523168, 1.011539978144748]], [[1.3616311513685846, -1.371094563978648, 1.269522207503215, -0.3250818839992267, -0.2695222075032152, -0.33896546109563225, 0.10825144933410664, 0.9924081190585464]], [[1.365897509681485, -1.3808245681576272, 1.2692635850431502, -0.33198222675263733, -0.2692635850431504, -0.3430838017164255, 0.10135110658069607, 1.0013511065806961]], [[1.3662042865624064, -1.3747534590264536, 1.2732936532315482, -0.3353650176827986, -0.27329365323154825, -0.3388053543666389, 0.09796831565053482, 0.9979683156505348]], [[1.3648869244157833, -1.3738202166732751, 1.2678525557598364, -0.33333333333333337, -0.2733768274878564, -0.34443490829712153, 0.1, 1.0]], [[1.3629686707030537, -1.3746979155133725, 1.2726870457260668, -0.3326724094473438, -0.27268704572606695, -0.3453883086867774, 0.10066092388598961, 1.0006609238859896]], [[1.3648869244157833, -1.3738202166732751, 1.2706146916238463, -0.3305711974693234, -0.27061469162384644, -0.34443490829712153, 0.09723786413599006, 1.0]], [[1.367850682974064, -1.3730926073520868, 1.2715350340291576, -0.332146667154828, -0.2715350340291577, -0.3445989778030762, 0.1011866661785054, 1.0011866661785054]], [[1.3644799527848834, -1.3734795100864468, 1.2704781311087674, -0.33230190216657, 